Avenida Paulista;https://www.tripadvisor.com.br/Attraction_Review-g303631-d550339-Reviews-Paulista_Avenue-Sao_Paulo_State_of_Sao_Paulo.html;https://media-cdn.tripadvisor.com/media/photo-f/01/42/21/3f/avenida-paulista.jpg
Bairro da Liberdade;https://www.tripadvisor.com.br/Attraction_Review-g303631-d317946-Reviews-Liberdade-Sao_Paulo_State_of_Sao_Paulo.html;https://media-cdn.tripadvisor.com/media/photo-f/01/36/d3/93/libertad-japanese-neighborhood.jpg
Arena Corinthians;https://www.tripadvisor.com.br/Attraction_Review-g303631-d4377562-Reviews-Corinthians_Arena-Sao_Paulo_State_of_Sao_Paulo.html;https://media-cdn.tripadvisor.com/media/photo-i/0f/47/e0/25/semifinal-do-paulistao.jpg
O Centro Cultural Júlio Prestes- Sala São Paulo;https://www.tripadvisor.com.br/Attraction_Review-g303631-d1905422-Reviews-The_Julio_Prestes_Cultural_Center_Sala_Sao_Paulo-Sao_Paulo_State_of_Sao_Paulo.html;https://media-cdn.tripadvisor.com/media/photo-f/01/f3/d4/a7/apartments-by-the-dozens.jpg
Solo Sagrado De Guarapiranga;https://www.tripadvisor.com.br/Attraction_Review-g303631-d6583158-Reviews-Solo_Sagrado_De_Guarapiranga-Sao_Paulo_State_of_Sao_Paulo.html;https://media-cdn.tripadvisor.com/media/photo-f/05/d4/01/c4/solo-sagrado-de-guarapiranga.jpg
Paróquia Nossa Senhora do Brasil;https://www.tripadvisor.com.br/Attraction_Review-g303631-d555148-Reviews-Paroquia_Nossa_Senhora_do_Brasil-Sao_Paulo_State_of_Sao_Paulo.html;https://media-cdn.tripadvisor.com/media/photo-f/09/0b/3a/7a/paroquia-nossa-senhora.jpg
Hotel Unique;https://www.tripadvisor.com.br/Attraction_Review-g303631-d321327-Reviews-Hotel_Unique-Sao_Paulo_State_of_Sao_Paulo.html;https://media-cdn.tripadvisor.com/media/photo-f/03/df/f6/d3/hotel-unique.jpg
Mosteiro De São Bento;https://www.tripadvisor.com.br/Attraction_Review-g303631-d532236-Reviews-Mosteiro_De_Sao_Bento-Sao_Paulo_State_of_Sao_Paulo.html;https://media-cdn.tripadvisor.com/media/photo-f/02/65/ca/c9/filename-dscn6489-jpg.jpg
Allianz Parque;https://www.tripadvisor.com.br/Attraction_Review-g303631-d2349915-Reviews-Allianz_Parque-Sao_Paulo_State_of_Sao_Paulo.html;https://media-cdn.tripadvisor.com/media/photo-f/0f/f8/9b/e9/fachada-principal-do.jpg
Jardins (Bairro);https://www.tripadvisor.com.br/Attraction_Review-g303631-d638779-Reviews-Jardins_District-Sao_Paulo_State_of_Sao_Paulo.html;https://media-cdn.tripadvisor.com/media/photo-f/01/19/e2/68/sao-paulo-s-subway-consolacao.jpg
SESC Belenzinho;https://www.tripadvisor.com.br/Attraction_Review-g303631-d4971493-Reviews-SESC_Belenzinho-Sao_Paulo_State_of_Sao_Paulo.html;https://media-cdn.tripadvisor.com/media/photo-i/10/67/91/16/vista-da-piscina-externa.jpg
Mirante Sesc Paulista;https://www.tripadvisor.com.br/Attraction_Review-g303631-d14121877-Reviews-Mirante_Sesc_Paulista-Sao_Paulo_State_of_Sao_Paulo.html;https://media-cdn.tripadvisor.com/media/photo-i/13/18/84/da/vista-sentindo-paraiso.jpg
Espaço Cultural Porto Seguro;https://www.tripadvisor.com.br/Attraction_Review-g303631-d7257576-Reviews-Espaco_Cultural_Porto_Seguro-Sao_Paulo_State_of_Sao_Paulo.html;https://media-cdn.tripadvisor.com/media/photo-s/0a/41/58/4c/20160207-134649-largejpg.jpg
SESC Pinheiros;https://www.tripadvisor.com.br/Attraction_Review-g303631-d10430724-Reviews-SESC_Pinheiros-Sao_Paulo_State_of_Sao_Paulo.html;https://media-cdn.tripadvisor.com/media/photo-i/0c/14/f6/44/comedoria.jpg
Santuário e Convento São Francisco de Assis;https://www.tripadvisor.com.br/Attraction_Review-g303631-d2350174-Reviews-Santuario_e_Convento_Sao_Francisco_de_Assis-Sao_Paulo_State_of_Sao_Paulo.html;https://media-cdn.tripadvisor.com/media/photo-f/0f/ce/2f/25/arquitetura-barroca.jpg
Templo de Salomão;https://www.tripadvisor.com.br/Attraction_Review-g303631-d7066911-Reviews-Temple_of_Solomon-Sao_Paulo_State_of_Sao_Paulo.html;https://media-cdn.tripadvisor.com/media/photo-f/09/ff/dd/5c/porque-a-minha-casa-sera.jpg
Faculdade de Direito da USP;https://www.tripadvisor.com.br/Attraction_Review-g303631-d11918796-Reviews-Faculdade_de_Direito_da_USP-Sao_Paulo_State_of_Sao_Paulo.html;https://media-cdn.tripadvisor.com/media/photo-i/0e/e4/8c/cb/vitrais.jpg
Igreja Chagas do Seráfico Pai Francisco;https://www.tripadvisor.com.br/Attraction_Review-g303631-d9875202-Reviews-Igreja_Chagas_do_Serafico_Pai_Francisco-Sao_Paulo_State_of_Sao_Paulo.html;https://media-cdn.tripadvisor.com/media/photo-f/0b/d6/f4/85/atual-conjunto-das-igrejas.jpg
Edifício Itália;https://www.tripadvisor.com.br/Attraction_Review-g303631-d317825-Reviews-Italian_Building-Sao_Paulo_State_of_Sao_Paulo.html;https://media-cdn.tripadvisor.com/media/photo-f/06/c0/b0/eb/edificio-italia.jpg
Oca do Ibirapuera;https://www.tripadvisor.com.br/Attraction_Review-g303631-d2350288-Reviews-Oca_do_Ibirapuera-Sao_Paulo_State_of_Sao_Paulo.html;https://media-cdn.tripadvisor.com/media/photo-o/04/4b/0a/25/nice-place-to-visit.jpg
Beco do Batman;https://www.tripadvisor.com.br/Attraction_Review-g303631-d2349935-Reviews-Batman_Alley-Sao_Paulo_State_of_Sao_Paulo.html;https://media-cdn.tripadvisor.com/media/photo-f/02/80/3a/c0/filename-becodobatman.jpg
Edifício Martinelli;https://www.tripadvisor.com.br/Attraction_Review-g303631-d317827-Reviews-Martinelli_Building-Sao_Paulo_State_of_Sao_Paulo.html;https://media-cdn.tripadvisor.com/media/photo-s/08/d9/f5/c4/edificio-martinelle.jpg
Catedral da Sé de São Paulo;https://www.tripadvisor.com.br/Attraction_Review-g303631-d553566-Reviews-Catedral_da_Se_de_Sao_Paulo-Sao_Paulo_State_of_Sao_Paulo.html;https://media-cdn.tripadvisor.com/media/photo-f/10/71/c1/e9/catedral-da-se-sao-paulo.jpg
Rua Oscar Freire Shopping Street;https://www.tripadvisor.com.br/Attraction_Review-g303631-d9724022-Reviews-Rua_Oscar_Freire_Shopping_Street-Sao_Paulo_State_of_Sao_Paulo.html;https://media-cdn.tripadvisor.com/media/photo-i/0e/cd/73/74/parklet-da-oscar-freire.jpg
Santuário Mãe de Deus;https://www.tripadvisor.com.br/Attraction_Review-g303631-d8322699-Reviews-Santuario_Mae_de_Deus-Sao_Paulo_State_of_Sao_Paulo.html;https://media-cdn.tripadvisor.com/media/photo-i/13/a7/0a/39/santuario-mae-de-deus.jpg
Farol Santander;https://www.tripadvisor.com.br/Attraction_Review-g303631-d317843-Reviews-Farol_Santander-Sao_Paulo_State_of_Sao_Paulo.html;https://media-cdn.tripadvisor.com/media/photo-f/03/4e/f1/65/edificio-do-banespa-edificio.jpg
Pateo do Collegio;https://www.tripadvisor.com.br/Attraction_Review-g303631-d311972-Reviews-Pateo_do_Collegio-Sao_Paulo_State_of_Sao_Paulo.html;https://media-cdn.tripadvisor.com/media/photo-f/03/4e/f2/79/patio-do-colegio.jpg
Catedral Ortodoxa;https://www.tripadvisor.com.br/Attraction_Review-g303631-d2349969-Reviews-Orthodox_Cathedral-Sao_Paulo_State_of_Sao_Paulo.html;https://media-cdn.tripadvisor.com/media/photo-f/03/1c/60/b0/ibis-budget-s-room-view.jpg
Japan House;https://www.tripadvisor.com.br/Attraction_Review-g303631-d12448544-Reviews-Japan_House_Sao_Paulo-Sao_Paulo_State_of_Sao_Paulo.html;https://media-cdn.tripadvisor.com/media/photo-f/12/1a/96/cc/fachada.jpg
Autódromo José Carlos Pace;https://www.tripadvisor.com.br/Attraction_Review-g303631-d2349931-Reviews-Autodromo_Jose_Carlos_Pace-Sao_Paulo_State_of_Sao_Paulo.html;https://media-cdn.tripadvisor.com/media/photo-s/03/39/20/4e/autodromo-de-interlagos.jpg
Monumento à Independência;https://www.tripadvisor.com.br/Attraction_Review-g303631-d4377491-Reviews-Sao_Paulo_Monument_to_Independence-Sao_Paulo_State_of_Sao_Paulo.html;https://media-cdn.tripadvisor.com/media/photo-s/0a/0f/fa/d0/monumento-a-independencia.jpg
Edifício Copan;https://www.tripadvisor.com.br/Attraction_Review-g303631-d317851-Reviews-Copan_Building-Sao_Paulo_State_of_Sao_Paulo.html;https://media-cdn.tripadvisor.com/media/photo-f/08/d4/33/5b/sao-paulo.jpg
Estádio do Pacaembu;https://www.tripadvisor.com.br/Attraction_Review-g303631-d2350036-Reviews-Pacaembu_Stadium-Sao_Paulo_State_of_Sao_Paulo.html;https://media-cdn.tripadvisor.com/media/photo-f/04/56/4f/a2/estadio-do-pacaembu-paulo.jpg
Rua Haddock Lobo;https://www.tripadvisor.com.br/Attraction_Review-g303631-d781069-Reviews-Haddock_Lobo_Street-Sao_Paulo_State_of_Sao_Paulo.html;https://media-cdn.tripadvisor.com/media/photo-i/0d/30/55/d6/street-view.jpg
Conjunto Nacional;https://www.tripadvisor.com.br/Attraction_Review-g303631-d8343135-Reviews-Conjunto_Nacional-Sao_Paulo_State_of_Sao_Paulo.html;https://media-cdn.tripadvisor.com/media/photo-s/08/2e/5f/cc/conjunto-nacional.jpg
Estádio do Morumbi;https://www.tripadvisor.com.br/Attraction_Review-g303631-d2350028-Reviews-Morumbi_Stadium-Sao_Paulo_State_of_Sao_Paulo.html;https://media-cdn.tripadvisor.com/media/photo-f/02/c3/e2/6d/estadio-do-morumbi-cicero.jpg
Praça da Liberdade;https://www.tripadvisor.com.br/Attraction_Review-g303631-d317775-Reviews-Praca_da_Liberdade-Sao_Paulo_State_of_Sao_Paulo.html;https://media-cdn.tripadvisor.com/media/photo-i/0f/12/c5/61/prateleira-de-produtos.jpg
Monumento às Bandeiras;https://www.tripadvisor.com.br/Attraction_Review-g303631-d2350219-Reviews-Monument_to_the_Bandeiras-Sao_Paulo_State_of_Sao_Paulo.html;https://media-cdn.tripadvisor.com/media/photo-f/08/e6/c6/25/monumento-as-bandeiras.jpg
Rua Augusta;https://www.tripadvisor.com.br/Attraction_Review-g303631-d2703936-Reviews-Augusta_Street-Sao_Paulo_State_of_Sao_Paulo.html;https://media-cdn.tripadvisor.com/media/photo-f/04/6d/51/8b/rua-augusta.jpg
Estação da Luz;https://www.tripadvisor.com.br/Attraction_Review-g303631-d2350017-Reviews-Estacao_da_Luz-Sao_Paulo_State_of_Sao_Paulo.html;https://media-cdn.tripadvisor.com/media/photo-s/02/82/a1/bf/filename-dsc01519-jpg.jpg
Igreja Nossa Senhora da Consolação;https://www.tripadvisor.com.br/Attraction_Review-g303631-d7300089-Reviews-Igreja_Nossa_Senhora_da_Consolacao-Sao_Paulo_State_of_Sao_Paulo.html;https://media-cdn.tripadvisor.com/media/photo-f/07/08/fe/ea/igrejadaconsolacao-rf.jpg
SESC Itaquera;https://www.tripadvisor.com.br/Attraction_Review-g303631-d8775292-Reviews-SESC_Itaquera-Sao_Paulo_State_of_Sao_Paulo.html;https://media-cdn.tripadvisor.com/media/photo-s/09/a1/b4/f1/sesc-itaquera.jpg
Fazendinha Estação Natureza;https://www.tripadvisor.com.br/Attraction_Review-g303631-d3982174-Reviews-Fazendinha_Estacao_Natureza-Sao_Paulo_State_of_Sao_Paulo.html;vazio
Paróquia Nossa Senhora Achiropita;https://www.tripadvisor.com.br/Attraction_Review-g303631-d4586334-Reviews-Paroquia_Nossa_Senhora_Achiropita-Sao_Paulo_State_of_Sao_Paulo.html;https://media-cdn.tripadvisor.com/media/photo-f/04/62/dc/31/igreja-nossa-senhora.jpg
Anhembi Parque;https://www.tripadvisor.com.br/Attraction_Review-g303631-d4010772-Reviews-Anhembi_Parque-Sao_Paulo_State_of_Sao_Paulo.html;https://media-cdn.tripadvisor.com/media/photo-f/0a/8a/f3/99/sambodromo-do-anhembi.jpg
Obelisco do Ibirapuera;https://www.tripadvisor.com.br/Attraction_Review-g303631-d2350282-Reviews-Obelisco_do_Ibirapuera-Sao_Paulo_State_of_Sao_Paulo.html;https://media-cdn.tripadvisor.com/media/photo-i/0d/6e/38/01/obelisco.jpg
Ponte Estaiada Octavio Frias de Oliveira;https://www.tripadvisor.com.br/Attraction_Review-g303631-d2350329-Reviews-Ponte_Estaiada_Octavio_Frias_de_Oliveira-Sao_Paulo_State_of_Sao_Paulo.html;https://media-cdn.tripadvisor.com/media/photo-s/06/1d/07/c4/ponte-estaiada-octavio.jpg
Praça das Artes;https://www.tripadvisor.com.br/Attraction_Review-g303631-d7620183-Reviews-Praca_das_Artes-Sao_Paulo_State_of_Sao_Paulo.html;https://media-cdn.tripadvisor.com/media/photo-i/0b/ed/91/42/praca-das-artes.jpg
Praça Pôr Do Sol;https://www.tripadvisor.com.br/Attraction_Review-g303631-d2350332-Reviews-Sunset_Square-Sao_Paulo_State_of_Sao_Paulo.html;https://media-cdn.tripadvisor.com/media/photo-f/03/5e/5f/0f/praca-por-do-sol-cel.jpg
Mirante 9 de Julho;https://www.tripadvisor.com.br/Attraction_Review-g303631-d8628181-Reviews-Mirante_9_de_Julho-Sao_Paulo_State_of_Sao_Paulo.html;https://media-cdn.tripadvisor.com/media/photo-s/09/00/35/35/mirante-9-de-julho.jpg
Igreja São Luís Gonzaga;https://www.tripadvisor.com.br/Attraction_Review-g303631-d4006970-Reviews-Igreja_Sao_Luis_Gonzaga-Sao_Paulo_State_of_Sao_Paulo.html;https://media-cdn.tripadvisor.com/media/photo-f/06/91/e6/68/igreja-sao-luis-gonzaga.jpg
Pavilhão Ciccillo Matarazzo;https://www.tripadvisor.com.br/Attraction_Review-g303631-d317782-Reviews-Ciccillo_Matarazzo_Pavilion-Sao_Paulo_State_of_Sao_Paulo.html;https://media-cdn.tripadvisor.com/media/photo-f/02/31/21/f8/typisch-geschwungene.jpg
Viaduto Santa Efigénia;https://www.tripadvisor.com.br/Attraction_Review-g303631-d4127722-Reviews-Viaduto_Santa_Efigenia-Sao_Paulo_State_of_Sao_Paulo.html;https://media-cdn.tripadvisor.com/media/photo-f/0d/42/a3/d5/viaduto-santa-efigenia.jpg
Paroquia Nossa Senhora da Aparecida;https://www.tripadvisor.com.br/Attraction_Review-g303631-d2518933-Reviews-Paroquia_Nossa_Senhora_da_Aparecida-Sao_Paulo_State_of_Sao_Paulo.html;https://media-cdn.tripadvisor.com/media/photo-f/07/2c/e3/4c/bela-igreja.jpg
Edifício Matarazzo - Palácio Do Anhangabaú;https://www.tripadvisor.com.br/Attraction_Review-g303631-d2350008-Reviews-Matarazzo_Building_City_Hall_Of_Sao_Paulo-Sao_Paulo_State_of_Sao_Paulo.html;https://media-cdn.tripadvisor.com/media/photo-f/0a/c0/ba/53/photo5jpg.jpg
Cemitério da Consolação;https://www.tripadvisor.com.br/Attraction_Review-g303631-d5226404-Reviews-Cemiterio_da_Consolacao-Sao_Paulo_State_of_Sao_Paulo.html;https://media-cdn.tripadvisor.com/media/photo-f/09/ce/1f/dc/cemiterio-da-consolacao.jpg
Praça Vinícius de Moraes;https://www.tripadvisor.com.br/Attraction_Review-g303631-d4783152-Reviews-Praca_Vinicius_de_Moraes-Sao_Paulo_State_of_Sao_Paulo.html;https://media-cdn.tripadvisor.com/media/photo-s/07/61/5b/0a/por-do-sol-agora.jpg
Igreja de Santa Ifigênia;https://www.tripadvisor.com.br/Attraction_Review-g303631-d4740720-Reviews-Igreja_de_Santa_Ifigenia-Sao_Paulo_State_of_Sao_Paulo.html;https://media-cdn.tripadvisor.com/media/photo-f/05/88/b3/81/igreja-de-santa-ifigenia.jpg
Viaduto Do Cha;https://www.tripadvisor.com.br/Attraction_Review-g303631-d8273766-Reviews-Viaduto_Do_Cha-Sao_Paulo_State_of_Sao_Paulo.html;https://media-cdn.tripadvisor.com/media/photo-i/0f/57/3b/6e/vista-a-nivel-do-trafego.jpg
Piknik Faria Lima;https://www.tripadvisor.com.br/Attraction_Review-g303631-d8564970-Reviews-Piknik_Faria_Lima-Sao_Paulo_State_of_Sao_Paulo.html;https://media-cdn.tripadvisor.com/media/photo-f/08/ca/17/1f/piknik-faria-lima.jpg
Pavilhão Japonês;https://www.tripadvisor.com.br/Attraction_Review-g303631-d2350327-Reviews-Japanese_Pavilion-Sao_Paulo_State_of_Sao_Paulo.html;https://media-cdn.tripadvisor.com/media/photo-f/05/4c/84/e3/pavilhao-japones.jpg
Palácio dos Bandeirantes;https://www.tripadvisor.com.br/Attraction_Review-g303631-d2350291-Reviews-Palacio_dos_Bandeirantes-Sao_Paulo_State_of_Sao_Paulo.html;https://media-cdn.tripadvisor.com/media/photo-f/02/b8/1b/b1/bandeirantes-palace.jpg
Casa de Vidro;https://www.tripadvisor.com.br/Attraction_Review-g303631-d2349948-Reviews-The_Glass_House-Sao_Paulo_State_of_Sao_Paulo.html;https://media-cdn.tripadvisor.com/media/photo-f/0b/88/0b/97/entrada-da-casa-de-vidro.jpg
Estação Júlio Prestes;https://www.tripadvisor.com.br/Attraction_Review-g303631-d2350021-Reviews-Julio_Prestes_Railway_Station-Sao_Paulo_State_of_Sao_Paulo.html;https://media-cdn.tripadvisor.com/media/photo-s/0a/89/42/15/sala-sao-paulo.jpg
Paróquia Santuário São Judas Tadeu;https://www.tripadvisor.com.br/Attraction_Review-g303631-d7362949-Reviews-Paroquia_Santuario_Sao_Judas_Tadeu-Sao_Paulo_State_of_Sao_Paulo.html;https://media-cdn.tripadvisor.com/media/photo-f/07/4a/f3/04/igreja-de-sao-judas.jpg
Minhocão;https://www.tripadvisor.com.br/Attraction_Review-g303631-d9812256-Reviews-Minhocao-Sao_Paulo_State_of_Sao_Paulo.html;https://media-cdn.tripadvisor.com/media/photo-i/0c/ac/fc/61/minhocao-on-a-sunday.jpg
Catedral Anglicana de São Paulo;https://www.tripadvisor.com.br/Attraction_Review-g303631-d8376713-Reviews-Catedral_Anglicana_de_Sao_Paulo-Sao_Paulo_State_of_Sao_Paulo.html;https://media-cdn.tripadvisor.com/media/photo-s/08/9e/81/58/catedral-anglicana-de.jpg
Túmulo De Ayrton Senna;https://www.tripadvisor.com.br/Attraction_Review-g303631-d1724606-Reviews-Senna_s_Grave_Morumbi_Cemetery-Sao_Paulo_State_of_Sao_Paulo.html;https://media-cdn.tripadvisor.com/media/photo-f/01/b6/05/d5/caption.jpg
Bairro do Morumbi;https://www.tripadvisor.com.br/Attraction_Review-g303631-d1162871-Reviews-Morumbi_District-Sao_Paulo_State_of_Sao_Paulo.html;https://media-cdn.tripadvisor.com/media/photo-f/01/3c/a4/a5/estadio-do-morumbi.jpg
Vale do Anhangabaú;https://www.tripadvisor.com.br/Attraction_Review-g303631-d7349076-Reviews-Vale_do_Anhangabau-Sao_Paulo_State_of_Sao_Paulo.html;https://media-cdn.tripadvisor.com/media/photo-f/07/a2/c8/72/amplo-e-inseguro.jpg
Estação Ciência da Universidade de São Paulo;https://www.tripadvisor.com.br/Attraction_Review-g303631-d2350014-Reviews-Science_Station_of_the_University_of_Sao_Paulo-Sao_Paulo_State_of_Sao_Paulo.html;https://media-cdn.tripadvisor.com/media/photo-f/03/6e/0d/71/estacao-ciencia.jpg
Praça da República;https://www.tripadvisor.com.br/Attraction_Review-g303631-d317777-Reviews-Praca_da_Republica-Sao_Paulo_State_of_Sao_Paulo.html;https://media-cdn.tripadvisor.com/media/photo-f/05/bf/5b/d9/praca-da-republica.jpg
Sambódromo Anhembí;https://www.tripadvisor.com.br/Attraction_Review-g303631-d10530402-Reviews-Sambodromo_Anhembi-Sao_Paulo_State_of_Sao_Paulo.html;https://media-cdn.tripadvisor.com/media/photo-f/0c/70/38/8a/essa-foto-foi-tirada.jpg
Praça Vilaboim;https://www.tripadvisor.com.br/Attraction_Review-g303631-d2350333-Reviews-Vilaboin_Square-Sao_Paulo_State_of_Sao_Paulo.html;https://media-cdn.tripadvisor.com/media/photo-s/0a/43/ae/dc/img-20160208-160102009.jpg
Paróquia Nossa Senhora do Rosário de Fátima;https://www.tripadvisor.com.br/Attraction_Review-g303631-d7085156-Reviews-Paroquia_Nossa_Senhora_do_Rosario_de_Fatima-Sao_Paulo_State_of_Sao_Paulo.html;https://media-cdn.tripadvisor.com/media/photo-s/08/35/08/33/paroquia-nossa-senhora.jpg
Passeio de Maria-Fumaça -Trem dos Imigrantes;https://www.tripadvisor.com.br/Attraction_Review-g303631-d6934987-Reviews-Passeio_de_Maria_Fumaca_Trem_dos_Imigrantes-Sao_Paulo_State_of_Sao_Paulo.html;https://media-cdn.tripadvisor.com/media/photo-f/06/4a/04/2d/passeio-de-maria-fumaca.jpg
Bixiga District;https://www.tripadvisor.com.br/Attraction_Review-g303631-d6619183-Reviews-Bixiga_District-Sao_Paulo_State_of_Sao_Paulo.html;https://media-cdn.tripadvisor.com/media/photo-f/07/01/ed/1e/bixiga-district.jpg
Avenida Brigadeiro Faria Lima;https://www.tripadvisor.com.br/Attraction_Review-g303631-d8448747-Reviews-Avenida_Brigadeiro_Faria_Lima-Sao_Paulo_State_of_Sao_Paulo.html;https://media-cdn.tripadvisor.com/media/photo-f/0b/7a/ff/c7/photo0jpg.jpg
Instituto Lina Bo e P. M. Bardi;https://www.tripadvisor.com.br/Attraction_Review-g303631-d3227183-Reviews-Instituto_Lina_Bo_e_P_M_Bardi-Sao_Paulo_State_of_Sao_Paulo.html;https://media-cdn.tripadvisor.com/media/photo-s/08/6a/69/aa/instituto-lina-bo-e-p.jpg
Praça da Sé;https://www.tripadvisor.com.br/Attraction_Review-g303631-d4788316-Reviews-Se_Square-Sao_Paulo_State_of_Sao_Paulo.html;https://media-cdn.tripadvisor.com/media/photo-f/04/82/45/a6/praca-da-se.jpg
Paróquia Nossa Senhora da Saúde;https://www.tripadvisor.com.br/Attraction_Review-g303631-d8528712-Reviews-Paroquia_Nossa_Senhora_da_Saude-Sao_Paulo_State_of_Sao_Paulo.html;https://media-cdn.tripadvisor.com/media/photo-s/08/b4/f2/e2/paroquia-nossa-senhora.jpg
Capela Santa Cruz Almas Dos Enforcados;https://www.tripadvisor.com.br/Attraction_Review-g303631-d6620792-Reviews-Capela_Santa_Cruz_Almas_Dos_Enforcados-Sao_Paulo_State_of_Sao_Paulo.html;https://media-cdn.tripadvisor.com/media/photo-f/06/a6/82/87/capela-santa-cruz-almas.jpg
Avenida Europa;https://www.tripadvisor.com.br/Attraction_Review-g303631-d7603232-Reviews-Avenida_Europa-Sao_Paulo_State_of_Sao_Paulo.html;vazio
Ginásio Geraldo José de Almeida;https://www.tripadvisor.com.br/Attraction_Review-g303631-d7258156-Reviews-Geraldo_Jose_de_Almeida_Gymnasium-Sao_Paulo_State_of_Sao_Paulo.html;https://media-cdn.tripadvisor.com/media/photo-f/06/f4/fd/b3/ginasio-geraldo-jose.jpg
Mamusca;https://www.tripadvisor.com.br/Attraction_Review-g303631-d7277931-Reviews-Mamusca-Sao_Paulo_State_of_Sao_Paulo.html;https://media-cdn.tripadvisor.com/media/photo-f/07/49/54/64/mamusca.jpg
Capela de São Miguel Arcanjo;https://www.tripadvisor.com.br/Attraction_Review-g303631-d4377488-Reviews-Chapel_of_Sao_Miguel_Arcanjo-Sao_Paulo_State_of_Sao_Paulo.html;https://media-cdn.tripadvisor.com/media/photo-f/04/84/06/22/museum-of-the-of-chapel.jpg
Paróquia Imaculada Conceição;https://www.tripadvisor.com.br/Attraction_Review-g303631-d6484378-Reviews-Paroquia_Imaculada_Conceicao-Sao_Paulo_State_of_Sao_Paulo.html;https://media-cdn.tripadvisor.com/media/photo-f/0a/1a/6e/ac/paroquia-imaculada-conceicao.jpg
Sesc São Paulo;https://www.tripadvisor.com.br/Attraction_Review-g303631-d13200236-Reviews-Sesc_Sao_Paulo-Sao_Paulo_State_of_Sao_Paulo.html;https://media-cdn.tripadvisor.com/media/photo-i/11/6a/54/9d/exposicao-no-50-andar.jpg
Clube Atlético Juventus;https://www.tripadvisor.com.br/Attraction_Review-g303631-d4273377-Reviews-Juventus_Football_Club-Sao_Paulo_State_of_Sao_Paulo.html;https://media-cdn.tripadvisor.com/media/photo-f/07/0a/2c/fa/clube-atletico-juventus.jpg
Centro Cultural da Juventude;https://www.tripadvisor.com.br/Attraction_Review-g303631-d2494748-Reviews-Centro_Cultural_da_Juventude-Sao_Paulo_State_of_Sao_Paulo.html;https://media-cdn.tripadvisor.com/media/photo-f/05/29/22/3e/ccj-centro-cultural-da.jpg
Praça Ramos de Azevedo;https://www.tripadvisor.com.br/Attraction_Review-g303631-d1229726-Reviews-Ramos_de_Azevedo_Square-Sao_Paulo_State_of_Sao_Paulo.html;https://media-cdn.tripadvisor.com/media/photo-s/01/1f/94/3e/praca-ramos-de-azevedo.jpg
Basilica Nossa Senhora do Carmo;https://www.tripadvisor.com.br/Attraction_Review-g303631-d8838844-Reviews-Basilica_Nossa_Senhora_do_Carmo-Sao_Paulo_State_of_Sao_Paulo.html;https://media-cdn.tripadvisor.com/media/photo-f/09/be/be/7f/basilica-nossa-senhora.jpg
Igreja da Ordem Terceira do Carmo;https://www.tripadvisor.com.br/Attraction_Review-g303631-d2350179-Reviews-Church_of_the_Third_Order_of_Carmo-Sao_Paulo_State_of_Sao_Paulo.html;https://media-cdn.tripadvisor.com/media/photo-f/07/c8/b2/15/igreja-da-ordem-terceira.jpg
Igreja da Matriz de Nossa Senhora do Ó;https://www.tripadvisor.com.br/Attraction_Review-g303631-d8460170-Reviews-Igreja_da_Matriz_de_Nossa_Senhora_do_O-Sao_Paulo_State_of_Sao_Paulo.html;https://media-cdn.tripadvisor.com/media/photo-s/08/f0/0e/91/igreja-da-matriz-de-nossa.jpg
Praça Ayrton Senna do Brasil;https://www.tripadvisor.com.br/Attraction_Review-g303631-d12396503-Reviews-Praca_Ayrton_Senna_do_Brasil-Sao_Paulo_State_of_Sao_Paulo.html;https://media-cdn.tripadvisor.com/media/photo-i/0f/31/82/86/outra-vista.jpg
Igreja de Santo Antônio;https://www.tripadvisor.com.br/Attraction_Review-g303631-d7998272-Reviews-Igreja_de_Santo_Antonio-Sao_Paulo_State_of_Sao_Paulo.html;https://media-cdn.tripadvisor.com/media/photo-s/07/c2/6e/be/bem-no-coracao-do-centro.jpg
Casa do Povo;https://www.tripadvisor.com.br/Attraction_Review-g303631-d9796931-Reviews-Casa_do_Povo-Sao_Paulo_State_of_Sao_Paulo.html;https://media-cdn.tripadvisor.com/media/photo-i/11/9d/5b/5f/arena-1.jpg
Jardim Europa;https://www.tripadvisor.com.br/Attraction_Review-g303631-d7759435-Reviews-Jardim_Europa-Sao_Paulo_State_of_Sao_Paulo.html;https://media-cdn.tripadvisor.com/media/photo-f/09/1b/41/15/jardim-europa.jpg
Memorial Santa Paulina e Capela Sagrada Família;https://www.tripadvisor.com.br/Attraction_Review-g303631-d5221201-Reviews-Memorial_Santa_Paulina_e_Capela_Sagrada_Familia-Sao_Paulo_State_of_Sao_Paulo.html;https://media-cdn.tripadvisor.com/media/photo-f/07/7e/a4/ec/memorial-santa-paulina.jpg
Oficina Cultural Oswald de Andrade;https://www.tripadvisor.com.br/Attraction_Review-g303631-d8787061-Reviews-Oficina_Cultural_Oswald_de_Andrade-Sao_Paulo_State_of_Sao_Paulo.html;https://media-cdn.tripadvisor.com/media/photo-i/0c/44/6c/90/oficina-cultural-oswald.jpg
Palácio dos Correios;https://www.tripadvisor.com.br/Attraction_Review-g303631-d8153309-Reviews-Palacio_dos_Correios-Sao_Paulo_State_of_Sao_Paulo.html;https://media-cdn.tripadvisor.com/media/photo-f/08/07/25/09/palacio-dos-correios.jpg
Igreja da Boa Morte;https://www.tripadvisor.com.br/Attraction_Review-g303631-d6720659-Reviews-Igreja_da_Boa_Morte-Sao_Paulo_State_of_Sao_Paulo.html;https://media-cdn.tripadvisor.com/media/photo-s/06/02/f3/4c/igreja-da-boa-morte.jpg
Largo do Arouche;https://www.tripadvisor.com.br/Attraction_Review-g303631-d6839730-Reviews-Largo_do_Arouche-Sao_Paulo_State_of_Sao_Paulo.html;https://media-cdn.tripadvisor.com/media/photo-i/0c/14/5c/4f/photo8jpg.jpg
Paróquia Nossa Senhora Auxiliadora;https://www.tripadvisor.com.br/Attraction_Review-g303631-d7331304-Reviews-Paroquia_Nossa_Senhora_Auxiliadora-Sao_Paulo_State_of_Sao_Paulo.html;https://media-cdn.tripadvisor.com/media/photo-s/07/db/44/78/paroquia-nossa-senhora.jpg
Espaço Raymundo Magliano Filho;https://www.tripadvisor.com.br/Attraction_Review-g303631-d4221222-Reviews-BMFBovespa_Espaco_Raymundo_Magliano_Filho-Sao_Paulo_State_of_Sao_Paulo.html;https://media-cdn.tripadvisor.com/media/photo-i/0f/be/ae/b4/photo8jpg.jpg
Antigo Banco de São Paulo;https://www.tripadvisor.com.br/Attraction_Review-g303631-d14971122-Reviews-Antigo_Banco_de_Sao_Paulo-Sao_Paulo_State_of_Sao_Paulo.html;https://media-cdn.tripadvisor.com/media/photo-i/13/f2/ad/9f/getlstd-property-photo.jpg
Praça Franklin Roosevelt;https://www.tripadvisor.com.br/Attraction_Review-g303631-d9882682-Reviews-Praca_Franklin_Roosevelt-Sao_Paulo_State_of_Sao_Paulo.html;https://media-cdn.tripadvisor.com/media/photo-f/0b/62/10/6c/otima-para-quem-gosta.jpg
Mercado Municipal do Ipiranga;https://www.tripadvisor.com.br/Attraction_Review-g303631-d11774057-Reviews-Mercado_Municipal_do_Ipiranga-Sao_Paulo_State_of_Sao_Paulo.html;https://media-cdn.tripadvisor.com/media/photo-i/0f/54/dd/ab/mercado-ipiranga.jpg
Casa Mário de Andrade;https://www.tripadvisor.com.br/Attraction_Review-g303631-d9764077-Reviews-Casa_Mario_de_Andrade-Sao_Paulo_State_of_Sao_Paulo.html;https://media-cdn.tripadvisor.com/media/photo-i/0e/92/15/f4/lado-externo-da-casa.jpg
Casa Modernista;https://www.tripadvisor.com.br/Attraction_Review-g303631-d2349964-Reviews-Modernist_House-Sao_Paulo_State_of_Sao_Paulo.html;https://media-cdn.tripadvisor.com/media/photo-i/0e/ba/b5/36/photo5jpg.jpg
Basilica de Nossa Senhora da Penha - Sao Paulo - SP;https://www.tripadvisor.com.br/Attraction_Review-g303631-d8059897-Reviews-Basilica_de_Nossa_Senhora_da_Penha_Sao_Paulo_SP-Sao_Paulo_State_of_Sao_Paulo.html;https://media-cdn.tripadvisor.com/media/photo-f/08/34/79/ed/fachada.jpg
Vila Operária Maria Zélia;https://www.tripadvisor.com.br/Attraction_Review-g303631-d7099584-Reviews-Vila_Operaria_Maria_Zelia-Sao_Paulo_State_of_Sao_Paulo.html;https://media-cdn.tripadvisor.com/media/photo-f/08/68/aa/4d/vila-operaria-maria-zelia.jpg
Avenida Ipiranga;https://www.tripadvisor.com.br/Attraction_Review-g303631-d11874280-Reviews-Avenida_Ipiranga-Sao_Paulo_State_of_Sao_Paulo.html;https://media-cdn.tripadvisor.com/media/photo-i/0d/c8/78/94/historicos-edificios.jpg
Vila Itororó;https://www.tripadvisor.com.br/Attraction_Review-g303631-d8639535-Reviews-Vila_Itororo-Sao_Paulo_State_of_Sao_Paulo.html;https://media-cdn.tripadvisor.com/media/photo-f/08/fd/eb/4f/vila-itororo.jpg
Igreja Santo Expedito;https://www.tripadvisor.com.br/Attraction_Review-g303631-d8431741-Reviews-Igreja_Santo_Expedito-Sao_Paulo_State_of_Sao_Paulo.html;https://media-cdn.tripadvisor.com/media/photo-s/0a/d1/04/7e/santo-expedito.jpg
Paróquia São Carlos Borromeu;https://www.tripadvisor.com.br/Attraction_Review-g303631-d8073538-Reviews-Paroquia_Sao_Carlos_Borromeu-Sao_Paulo_State_of_Sao_Paulo.html;https://media-cdn.tripadvisor.com/media/photo-f/0a/18/34/0d/paroquia-sao-carlos-borromeu.jpg
Praça Sílvio Romero;https://www.tripadvisor.com.br/Attraction_Review-g303631-d8809624-Reviews-Praca_Silvio_Romero-Sao_Paulo_State_of_Sao_Paulo.html;https://media-cdn.tripadvisor.com/media/photo-f/0b/38/95/24/praca-silvio-romero.jpg
Paróquia Santo Agostinho;https://www.tripadvisor.com.br/Attraction_Review-g303631-d10061909-Reviews-Paroquia_Santo_Agostinho-Sao_Paulo_State_of_Sao_Paulo.html;https://media-cdn.tripadvisor.com/media/photo-f/0b/10/29/10/sinos.jpg
Galpao Fortes Vilaca;https://www.tripadvisor.com.br/Attraction_Review-g303631-d6857300-Reviews-Galpao_Fortes_Vilaca-Sao_Paulo_State_of_Sao_Paulo.html;https://media-cdn.tripadvisor.com/media/photo-s/06/3b/cd/5b/galpao-fortes-vilaca.jpg
Centro Histórico;https://www.tripadvisor.com.br/Attraction_Review-g303631-d12229741-Reviews-Centro_Historico-Sao_Paulo_State_of_Sao_Paulo.html;https://media-cdn.tripadvisor.com/media/photo-i/0f/d9/82/24/photo5jpg.jpg
Palácio da Justiça;https://www.tripadvisor.com.br/Attraction_Review-g303631-d11918784-Reviews-Palacio_da_Justica-Sao_Paulo_State_of_Sao_Paulo.html;https://media-cdn.tripadvisor.com/media/photo-i/0e/27/fe/d8/palacio-de-justica.jpg
Rua São Bento;https://www.tripadvisor.com.br/Attraction_Review-g303631-d10126638-Reviews-Rua_Sao_Bento-Sao_Paulo_State_of_Sao_Paulo.html;https://media-cdn.tripadvisor.com/media/photo-f/0b/04/94/5d/rua-sao-bento.jpg
Obelisco e Monumento Mausoléu ao Soldado Constitucionalista de 32;https://www.tripadvisor.com.br/Attraction_Review-g303631-d12251731-Reviews-Obelisco_e_Monumento_Mausoleu_ao_Soldado_Constitucionalista_de_32-Sao_Paulo_Stat.html;https://media-cdn.tripadvisor.com/media/photo-i/0f/20/ba/b2/entrada-e-obelisco-ao.jpg
Igreja de Nossa Senhora do Rosário dos Homens Pretos;https://www.tripadvisor.com.br/Attraction_Review-g303631-d6692474-Reviews-Igreja_de_Nossa_Senhora_do_Rosario_dos_Homens_Pretos-Sao_Paulo_State_of_Sao_Paulo.html;https://media-cdn.tripadvisor.com/media/photo-f/06/1a/2a/c1/igreja-n-s-do-rosario.jpg
Universidade de São Paulo;https://www.tripadvisor.com.br/Attraction_Review-g303631-d12088258-Reviews-Universidade_de_Sao_Paulo-Sao_Paulo_State_of_Sao_Paulo.html;https://media-cdn.tripadvisor.com/media/photo-i/11/94/65/39/universidade-de-sao-paulo.jpg
Passagem Literária da Consolação;https://www.tripadvisor.com.br/Attraction_Review-g303631-d10063846-Reviews-Passagem_Literaria_da_Consolacao-Sao_Paulo_State_of_Sao_Paulo.html;https://media-cdn.tripadvisor.com/media/photo-f/0b/22/88/ef/todos-os-dias-que-estive.jpg
Igreja de São Paulo da Cruz;https://www.tripadvisor.com.br/Attraction_Review-g303631-d9763837-Reviews-Sao_Paulo_da_Cruz_Church-Sao_Paulo_State_of_Sao_Paulo.html;https://media-cdn.tripadvisor.com/media/photo-s/0a/a8/34/0f/fachada-da-igreja-do.jpg
Vila dos Ingleses;https://www.tripadvisor.com.br/Attraction_Review-g303631-d2350360-Reviews-English_Village-Sao_Paulo_State_of_Sao_Paulo.html;https://media-cdn.tripadvisor.com/media/photo-f/05/fd/42/17/passeio-razoavel.jpg
Eparquia Nossa Senhora do Paraiso;https://www.tripadvisor.com.br/Attraction_Review-g303631-d10628344-Reviews-Eparquia_Nossa_Senhora_do_Paraiso-Sao_Paulo_State_of_Sao_Paulo.html;https://media-cdn.tripadvisor.com/media/photo-i/0f/26/74/17/photo0jpg.jpg
Grupo Escoteiro Ibiraguaçu;https://www.tripadvisor.com.br/Attraction_Review-g303631-d12674287-Reviews-Grupo_Escoteiro_Ibiraguacu-Sao_Paulo_State_of_Sao_Paulo.html;https://media-cdn.tripadvisor.com/media/photo-i/10/00/97/ae/vista-aerea-da-sede.jpg
Memorial 17 de Julho;https://www.tripadvisor.com.br/Attraction_Review-g303631-d4722282-Reviews-Memorial_17_de_Julho-Sao_Paulo_State_of_Sao_Paulo.html;https://media-cdn.tripadvisor.com/media/photo-f/05/e0/58/8c/memorial-17-de-julho.jpg
Praça Horácio Sabino;https://www.tripadvisor.com.br/Attraction_Review-g303631-d10177618-Reviews-Praca_Horacio_Sabino-Sao_Paulo_State_of_Sao_Paulo.html;https://media-cdn.tripadvisor.com/media/photo-i/0f/a7/02/af/livres-para-brincar.jpg
Paroquia Santo Antonio do Parí;https://www.tripadvisor.com.br/Attraction_Review-g303631-d10373257-Reviews-Paroquia_Santo_Antonio_do_Pari-Sao_Paulo_State_of_Sao_Paulo.html;https://media-cdn.tripadvisor.com/media/photo-f/12/34/cc/b7/fachada.jpg
Monumento a Duque de Caxias;https://www.tripadvisor.com.br/Attraction_Review-g303631-d8078620-Reviews-Monumento_a_Duque_de_Caxias-Sao_Paulo_State_of_Sao_Paulo.html;https://media-cdn.tripadvisor.com/media/photo-s/08/aa/51/ee/monumento-a-duque-de.jpg
Seara Bendita Instituição Espirita;https://www.tripadvisor.com.br/Attraction_Review-g303631-d10529746-Reviews-Seara_Bendita_Instituicao_Espirita-Sao_Paulo_State_of_Sao_Paulo.html;https://media-cdn.tripadvisor.com/media/photo-i/0c/f3/cc/0d/entrada-principal.jpg
Templo Quan-Inn;https://www.tripadvisor.com.br/Attraction_Review-g303631-d7262508-Reviews-Templo_Quan_Inn-Sao_Paulo_State_of_Sao_Paulo.html;https://media-cdn.tripadvisor.com/media/photo-f/0a/0e/da/ae/templo-quan-inn.jpg
Fábrica de Cultura Vila Nova Cachoeirinha;https://www.tripadvisor.com.br/Attraction_Review-g303631-d6717276-Reviews-Fabrica_de_Cultura_Vila_Nova_Cachoeirinha-Sao_Paulo_State_of_Sao_Paulo.html;https://media-cdn.tripadvisor.com/media/photo-f/06/07/67/55/fabrica-de-cultura-vila.jpg
Igreja de São Cristóvão;https://www.tripadvisor.com.br/Attraction_Review-g303631-d7222325-Reviews-Igreja_de_Sao_Cristovao-Sao_Paulo_State_of_Sao_Paulo.html;https://media-cdn.tripadvisor.com/media/photo-f/07/c0/d2/70/igreja-de-sao-cristovao.jpg
Auditorio Simon Bolivar;https://www.tripadvisor.com.br/Attraction_Review-g303631-d13286016-Reviews-Auditorio_Simon_Bolivar-Sao_Paulo_State_of_Sao_Paulo.html;https://media-cdn.tripadvisor.com/media/photo-i/11/a2/17/77/linda-fachada-com-a-grife.jpg
Praca da Se;https://www.tripadvisor.com.br/Attraction_Review-g303631-d9724074-Reviews-Praca_da_Se-Sao_Paulo_State_of_Sao_Paulo.html;https://media-cdn.tripadvisor.com/media/photo-i/0e/27/6a/a2/praca-de-se.jpg
Praça Panamericana;https://www.tripadvisor.com.br/Attraction_Review-g303631-d6839500-Reviews-Praca_Panamericana-Sao_Paulo_State_of_Sao_Paulo.html;https://media-cdn.tripadvisor.com/media/photo-s/06/20/a8/4b/no-coracao-de-pinheiros.jpg
Cemiterio Do Araca;https://www.tripadvisor.com.br/Attraction_Review-g303631-d6109021-Reviews-Cemiterio_Do_Araca-Sao_Paulo_State_of_Sao_Paulo.html;https://media-cdn.tripadvisor.com/media/photo-f/05/51/73/ce/cemiterio-do-araca.jpg
Catedral Metropolitana Ortodoxa de Sao Paulo;https://www.tripadvisor.com.br/Attraction_Review-g303631-d12904418-Reviews-Catedral_Metropolitana_Ortodoxa_de_Sao_Paulo-Sao_Paulo_State_of_Sao_Paulo.html;https://media-cdn.tripadvisor.com/media/photo-i/12/c2/39/eb/20180415-115523-largejpg.jpg
Mesquita Brasil;https://www.tripadvisor.com.br/Attraction_Review-g303631-d8002275-Reviews-Mesquita_Brasil-Sao_Paulo_State_of_Sao_Paulo.html;https://media-cdn.tripadvisor.com/media/photo-f/0c/6c/c7/91/maravilhosa-mesquita.jpg
Barragem de Guarapiranga;https://www.tripadvisor.com.br/Attraction_Review-g303631-d10826906-Reviews-Barragem_de_Guarapiranga-Sao_Paulo_State_of_Sao_Paulo.html;https://media-cdn.tripadvisor.com/media/photo-i/0c/f2/fd/f6/paisagem-bacana.jpg
Vila Madalena;https://www.tripadvisor.com.br/Attraction_Review-g303631-d15013369-Reviews-Vila_Madalena-Sao_Paulo_State_of_Sao_Paulo.html;https://media-cdn.tripadvisor.com/media/photo-i/14/14/9c/6c/getlstd-property-photo.jpg
Cemitério São Paulo;https://www.tripadvisor.com.br/Attraction_Review-g303631-d8677326-Reviews-Cemiterio_Sao_Paulo-Sao_Paulo_State_of_Sao_Paulo.html;https://media-cdn.tripadvisor.com/media/photo-i/0c/58/7b/4d/cemiterio-sao-paulo.jpg
Praça do Ciclista;https://www.tripadvisor.com.br/Attraction_Review-g303631-d8759936-Reviews-Praca_do_Ciclista-Sao_Paulo_State_of_Sao_Paulo.html;https://media-cdn.tripadvisor.com/media/photo-i/0b/bc/ca/74/img-20160522-101858-largejpg.jpg
Escadaria das Bailarinas;https://www.tripadvisor.com.br/Attraction_Review-g303631-d15780292-Reviews-Escadaria_das_Bailarinas-Sao_Paulo_State_of_Sao_Paulo.html;https://media-cdn.tripadvisor.com/media/photo-i/16/40/6b/9e/escadaria-das-bailarinas.jpg
Marco Zero;https://www.tripadvisor.com.br/Attraction_Review-g303631-d11829080-Reviews-Marco_Zero-Sao_Paulo_State_of_Sao_Paulo.html;https://media-cdn.tripadvisor.com/media/photo-i/0e/20/71/41/marco-zero-de-sao-paulo.jpg
Casa do Bandeirante;https://www.tripadvisor.com.br/Attraction_Review-g303631-d2349954-Reviews-Museum_House_of_the_Bandeirante-Sao_Paulo_State_of_Sao_Paulo.html;https://media-cdn.tripadvisor.com/media/photo-f/04/16/12/69/casa-do-bandeirante.jpg
Santuário Nossa Senhora de Fatima;https://www.tripadvisor.com.br/Attraction_Review-g303631-d10529630-Reviews-Santuario_Nossa_Senhora_de_Fatima-Sao_Paulo_State_of_Sao_Paulo.html;vazio
Igreja de São Gonçalo;https://www.tripadvisor.com.br/Attraction_Review-g303631-d10306920-Reviews-Church_of_Sao_Goncalo-Sao_Paulo_State_of_Sao_Paulo.html;https://media-cdn.tripadvisor.com/media/photo-o/0b/43/98/fe/visual-da-igreja.jpg
Templo Tzong Kwan;https://www.tripadvisor.com.br/Attraction_Review-g303631-d8686473-Reviews-Templo_Tzong_Kwan-Sao_Paulo_State_of_Sao_Paulo.html;https://media-cdn.tripadvisor.com/media/photo-f/0c/6c/b6/7e/templo-tzong-kwan.jpg
Praça Dom José Gaspar;https://www.tripadvisor.com.br/Attraction_Review-g303631-d9869641-Reviews-Praca_Dom_Jose_Gaspar-Sao_Paulo_State_of_Sao_Paulo.html;https://media-cdn.tripadvisor.com/media/photo-i/0e/95/ed/07/praca-dom-jose-gaspar.jpg
Av. Eng.Luís Carlos Berrini;https://www.tripadvisor.com.br/Attraction_Review-g303631-d14173947-Reviews-Av_Eng_Luis_Carlos_Berrini-Sao_Paulo_State_of_Sao_Paulo.html;https://media-cdn.tripadvisor.com/media/photo-i/13/46/a8/05/sossegada-aos-finais.jpg
Escadaria do Patapio;https://www.tripadvisor.com.br/Attraction_Review-g303631-d13125048-Reviews-Escadaria_do_Patapio-Sao_Paulo_State_of_Sao_Paulo.html;https://media-cdn.tripadvisor.com/media/photo-i/11/5f/47/6e/photo0jpg.jpg
Monumento A Ramos De Azevedo;https://www.tripadvisor.com.br/Attraction_Review-g303631-d6514069-Reviews-Monumento_A_Ramos_De_Azevedo-Sao_Paulo_State_of_Sao_Paulo.html;https://media-cdn.tripadvisor.com/media/photo-s/05/b7/90/b3/monumento-a-ramos-de.jpg
Qual Casa;https://www.tripadvisor.com.br/Attraction_Review-g303631-d6661979-Reviews-Qual_Casa-Sao_Paulo_State_of_Sao_Paulo.html;vazio
Paróquia São João de Brito;https://www.tripadvisor.com.br/Attraction_Review-g303631-d12856747-Reviews-Paroquia_Sao_Joao_de_Brito-Sao_Paulo_State_of_Sao_Paulo.html;https://media-cdn.tripadvisor.com/media/photo-i/10/82/b4/60/paroquia-sao-joao-de.jpg
Templo Lohan;https://www.tripadvisor.com.br/Attraction_Review-g303631-d10117396-Reviews-Lohan_Temple-Sao_Paulo_State_of_Sao_Paulo.html;https://media-cdn.tripadvisor.com/media/photo-i/0b/ef/18/ac/20160710-131219-largejpg.jpg
Catedral Evangélica de São Paulo;https://www.tripadvisor.com.br/Attraction_Review-g303631-d12234654-Reviews-Catedral_Evangelica_de_Sao_Paulo-Sao_Paulo_State_of_Sao_Paulo.html;https://media-cdn.tripadvisor.com/media/photo-f/0e/ba/60/8d/os-corais-da-catedral.jpg
Igreja de Nossa Senhora do Monte Serrate;https://www.tripadvisor.com.br/Attraction_Review-g303631-d9792244-Reviews-Nossa_Senhora_do_Monte_Serrate_Church-Sao_Paulo_State_of_Sao_Paulo.html;https://media-cdn.tripadvisor.com/media/photo-i/12/3b/47/71/otima-localizacao.jpg
Paróquia Anglicana de São João;https://www.tripadvisor.com.br/Attraction_Review-g303631-d12143347-Reviews-Paroquia_Anglicana_de_Sao_Joao-Sao_Paulo_State_of_Sao_Paulo.html;https://media-cdn.tripadvisor.com/media/photo-i/0e/6e/ea/6b/paroquia-anglicana-de.jpg
Santuario nossa senhora Mãe dos Aflitos;https://www.tripadvisor.com.br/Attraction_Review-g303631-d14959926-Reviews-Santuario_nossa_senhora_Mae_dos_Aflitos-Sao_Paulo_State_of_Sao_Paulo.html;vazio
Igreja de Santa Generosa;https://www.tripadvisor.com.br/Attraction_Review-g303631-d12617432-Reviews-Igreja_de_Santa_Generosa-Sao_Paulo_State_of_Sao_Paulo.html;https://media-cdn.tripadvisor.com/media/photo-i/0f/d6/14/1e/foto-externa.jpg
Palacete Tereza Toledo Lara;https://www.tripadvisor.com.br/Attraction_Review-g303631-d10820529-Reviews-Palacete_Tereza_Toledo_Lara-Sao_Paulo_State_of_Sao_Paulo.html;vazio
Casa Quena;https://www.tripadvisor.com.br/Attraction_Review-g303631-d10671218-Reviews-Casa_Quena-Sao_Paulo_State_of_Sao_Paulo.html;vazio
SESC Campo Limpo;https://www.tripadvisor.com.br/Attraction_Review-g303631-d11970818-Reviews-SESC_Campo_Limpo-Sao_Paulo_State_of_Sao_Paulo.html;https://media-cdn.tripadvisor.com/media/photo-f/0e/2f/24/03/sesc-campo-limpo-jardim.jpg
Monumento de Borba Gato;https://www.tripadvisor.com.br/Attraction_Review-g303631-d10467167-Reviews-Monumento_de_Borba_Gato-Sao_Paulo_State_of_Sao_Paulo.html;https://media-cdn.tripadvisor.com/media/photo-i/0b/c2/64/f4/estatua.jpg
Paroquia santa Teresinha;https://www.tripadvisor.com.br/Attraction_Review-g303631-d10771811-Reviews-Paroquia_santa_Teresinha-Sao_Paulo_State_of_Sao_Paulo.html;vazio
Palácio dos Campos Elíseos;https://www.tripadvisor.com.br/Attraction_Review-g303631-d11876913-Reviews-Palacio_dos_Campos_Eliseos-Sao_Paulo_State_of_Sao_Paulo.html;https://media-cdn.tripadvisor.com/media/photo-i/10/6d/67/83/outra-foto-de-2017-pelas.jpg
Paroquia Imaculado Coracao de Maria (PUC);https://www.tripadvisor.com.br/Attraction_Review-g303631-d12819828-Reviews-Paroquia_Imaculado_Coracao_de_Maria_PUC-Sao_Paulo_State_of_Sao_Paulo.html;https://media-cdn.tripadvisor.com/media/photo-i/10/82/4a/26/a-igreja-e-muito-linda.jpg
Igreja do Sagrado Coração de Jesus;https://www.tripadvisor.com.br/Attraction_Review-g303631-d10433393-Reviews-Sagrado_Coracao_de_Jesus_Church-Sao_Paulo_State_of_Sao_Paulo.html;https://media-cdn.tripadvisor.com/media/photo-i/0b/9f/05/65/painel-simples-mas-muito.jpg
White Cube;https://www.tripadvisor.com.br/Attraction_Review-g303631-d7277588-Reviews-White_Cube-Sao_Paulo_State_of_Sao_Paulo.html;https://media-cdn.tripadvisor.com/media/photo-i/06/ff/49/c3/salao-menor.jpg
Paróquia Santo Antônio;https://www.tripadvisor.com.br/Attraction_Review-g303631-d14113393-Reviews-Paroquia_Santo_Antonio-Sao_Paulo_State_of_Sao_Paulo.html;vazio
Paróquia São João Maria Vianney;https://www.tripadvisor.com.br/Attraction_Review-g303631-d8639344-Reviews-Paroquia_Sao_Joao_Maria_Vianney-Sao_Paulo_State_of_Sao_Paulo.html;https://media-cdn.tripadvisor.com/media/photo-f/0a/1a/79/a0/paroquia-sao-joao-maria.jpg
Monumento a Giuseppe Verdi;https://www.tripadvisor.com.br/Attraction_Review-g303631-d12446274-Reviews-Monumento_a_Giuseppe_Verdi-Sao_Paulo_State_of_Sao_Paulo.html;https://media-cdn.tripadvisor.com/media/photo-i/0f/54/84/24/bela-obra.jpg
Paróquia Nossa Senhora das Dores e Santa Cruz;https://www.tripadvisor.com.br/Attraction_Review-g303631-d12327612-Reviews-Paroquia_Nossa_Senhora_das_Dores_e_Santa_Cruz-Sao_Paulo_State_of_Sao_Paulo.html;https://media-cdn.tripadvisor.com/media/photo-i/15/55/85/81/paroquia-nossa-senhora.jpg
Castelinho da Rua Apa;https://www.tripadvisor.com.br/Attraction_Review-g303631-d10323815-Reviews-Castelinho_da_Rua_Apa-Sao_Paulo_State_of_Sao_Paulo.html;https://media-cdn.tripadvisor.com/media/photo-i/10/76/a1/fa/castelinho-reformado.jpg
Muro dos Arcos da Avenida 23 de Maio;https://www.tripadvisor.com.br/Attraction_Review-g303631-d8458645-Reviews-Muro_dos_Arcos_da_Avenida_23_de_Maio-Sao_Paulo_State_of_Sao_Paulo.html;https://media-cdn.tripadvisor.com/media/photo-f/08/73/f8/6e/muro-dos-arcos-tambem.jpg
Paroquia Nossa Senhora da Esperança;https://www.tripadvisor.com.br/Attraction_Review-g303631-d12163168-Reviews-Paroquia_Nossa_Senhora_da_Esperanca-Sao_Paulo_State_of_Sao_Paulo.html;https://media-cdn.tripadvisor.com/media/photo-i/10/51/72/d9/visao-geral.jpg
Igreja São Pedro e São Paulo;https://www.tripadvisor.com.br/Attraction_Review-g303631-d7776717-Reviews-Igreja_Sao_Pedro_e_Sao_Paulo-Sao_Paulo_State_of_Sao_Paulo.html;https://media-cdn.tripadvisor.com/media/photo-s/0a/06/ef/31/igreja-simples-moderna.jpg
Arquivo Historico de Sao Paulo - Edificio Ramos de Azevedo;https://www.tripadvisor.com.br/Attraction_Review-g303631-d10701089-Reviews-Arquivo_Historico_de_Sao_Paulo_Edificio_Ramos_de_Azevedo-Sao_Paulo_State_of_Sao_.html;https://media-cdn.tripadvisor.com/media/photo-i/0c/7f/8e/b8/arquivo-historico-de.jpg
Igreja Presbiteriana Independente da Lapa;https://www.tripadvisor.com.br/Attraction_Review-g303631-d8724507-Reviews-Igreja_Presbiteriana_Independente_da_Lapa-Sao_Paulo_State_of_Sao_Paulo.html;https://media-cdn.tripadvisor.com/media/photo-f/09/36/b0/df/getlstd-property-photo.jpg
Casa do Tatuapé;https://www.tripadvisor.com.br/Attraction_Review-g303631-d13830543-Reviews-Casa_do_Tatuape-Sao_Paulo_State_of_Sao_Paulo.html;https://media-cdn.tripadvisor.com/media/photo-i/17/28/51/f4/casa-do-tatuape.jpg
Centro Paraolímpico Brasileirto;https://www.tripadvisor.com.br/Attraction_Review-g303631-d16724380-Reviews-Centro_Paraolimpico_Brasileirto-Sao_Paulo_State_of_Sao_Paulo.html;https://media-cdn.tripadvisor.com/media/photo-i/16/9b/d1/e8/entrada.jpg
Igreja de São Domingos;https://www.tripadvisor.com.br/Attraction_Review-g303631-d15574892-Reviews-Igreja_de_Sao_Domingos-Sao_Paulo_State_of_Sao_Paulo.html;https://media-cdn.tripadvisor.com/media/photo-i/15/9e/d3/5e/img-20181130-144411711.jpg
Pico de Asa Delta;https://www.tripadvisor.com.br/Attraction_Review-g303631-d12730392-Reviews-Pico_de_Asa_Delta-Sao_Paulo_State_of_Sao_Paulo.html;vazio
Rua Joaquim Tavora;https://www.tripadvisor.com.br/Attraction_Review-g303631-d14090027-Reviews-Rua_Joaquim_Tavora-Sao_Paulo_State_of_Sao_Paulo.html;https://media-cdn.tripadvisor.com/media/photo-s/08/7a/a2/2d/rua-joaquim-tavora-sao.jpg
Shopping Atibaia;https://www.tripadvisor.com.br/Attraction_Review-g303631-d10711744-Reviews-Shopping_Atibaia-Sao_Paulo_State_of_Sao_Paulo.html;https://media-cdn.tripadvisor.com/media/photo-i/15/2d/f4/ef/estacionamento.jpg
Mesquita Brasil;https://www.tripadvisor.com.br/Attraction_Review-g303631-d13197107-Reviews-Mesquita_Brasil-Sao_Paulo_State_of_Sao_Paulo.html;https://media-cdn.tripadvisor.com/media/photo-f/11/66/48/0c/photo3jpg.jpg
Paróquia Imaculada Conceição - Ipiranga;https://www.tripadvisor.com.br/Attraction_Review-g303631-d13076084-Reviews-Paroquia_Imaculada_Conceicao_Ipiranga-Sao_Paulo_State_of_Sao_Paulo.html;vazio
Portal de Pedra do Antigo Presidio Tiradentes;https://www.tripadvisor.com.br/Attraction_Review-g303631-d10955658-Reviews-Portal_de_Pedra_do_Antigo_Presidio_Tiradentes-Sao_Paulo_State_of_Sao_Paulo.html;vazio
Paróquia Bom Pastor;https://www.tripadvisor.com.br/Attraction_Review-g303631-d12329174-Reviews-Paroquia_Bom_Pastor-Sao_Paulo_State_of_Sao_Paulo.html;vazio
Igreja Martin Luther;https://www.tripadvisor.com.br/Attraction_Review-g303631-d12885298-Reviews-Igreja_Martin_Luther-Sao_Paulo_State_of_Sao_Paulo.html;https://media-cdn.tripadvisor.com/media/photo-i/10/a6/8e/e7/boa-localizacao.jpg
Capela Nossa Senhora das Graças;https://www.tripadvisor.com.br/Attraction_Review-g303631-d12163289-Reviews-Capela_Nossa_Senhora_das_Gracas-Sao_Paulo_State_of_Sao_Paulo.html;vazio
Obelisco do Piques;https://www.tripadvisor.com.br/Attraction_Review-g303631-d11874053-Reviews-Obelisco_do_Piques-Sao_Paulo_State_of_Sao_Paulo.html;vazio
Biblioteca Municipal Camila Cerqueira César;https://www.tripadvisor.com.br/Attraction_Review-g303631-d10433357-Reviews-Biblioteca_Municipal_Camila_Cerqueira_Cesar-Sao_Paulo_State_of_Sao_Paulo.html;https://media-cdn.tripadvisor.com/media/photo-f/0b/a7/c3/94/biblioteca-municipal.jpg
Casa Bola;https://www.tripadvisor.com.br/Attraction_Review-g303631-d9763959-Reviews-Casa_Bola-Sao_Paulo_State_of_Sao_Paulo.html;vazio
Praça do Patriarca;https://www.tripadvisor.com.br/Attraction_Review-g303631-d8822004-Reviews-Praca_do_Patriarca-Sao_Paulo_State_of_Sao_Paulo.html;https://media-cdn.tripadvisor.com/media/photo-f/0b/88/b9/50/praca-do-patriarca.jpg
Espaço Art'er;https://www.tripadvisor.com.br/Attraction_Review-g303631-d4716056-Reviews-Espaco_Art_er-Sao_Paulo_State_of_Sao_Paulo.html;https://media-cdn.tripadvisor.com/media/photo-i/04/6a/14/28/fachada.jpg
Camarote Stadium - Estádio do Morumbi;https://www.tripadvisor.com.br/Attraction_Review-g303631-d15558138-Reviews-Camarote_Stadium_Estadio_do_Morumbi-Sao_Paulo_State_of_Sao_Paulo.html;vazio
Praça do Morumbi Shopping;https://www.tripadvisor.com.br/Attraction_Review-g303631-d16869526-Reviews-Praca_do_Morumbi_Shopping-Sao_Paulo_State_of_Sao_Paulo.html;https://media-cdn.tripadvisor.com/media/photo-i/16/e7/f8/32/na-mesma-praca.jpg
Centro de Memória do Corpo de Bombeiros;https://www.tripadvisor.com.br/Attraction_Review-g303631-d16827776-Reviews-Centro_de_Memoria_do_Corpo_de_Bombeiros-Sao_Paulo_State_of_Sao_Paulo.html;https://media-cdn.tripadvisor.com/media/photo-i/16/d5/c7/0a/centro-de-memoria-do.jpg
Índio Caçador;https://www.tripadvisor.com.br/Attraction_Review-g303631-d11876962-Reviews-Indio_Cacador-Sao_Paulo_State_of_Sao_Paulo.html;vazio
Masjid al Munawar;https://www.tripadvisor.com.br/Attraction_Review-g303631-d14598139-Reviews-Masjid_al_Munawar-Sao_Paulo_State_of_Sao_Paulo.html;vazio
Paróquia Santo Ivo;https://www.tripadvisor.com.br/Attraction_Review-g303631-d14167769-Reviews-Paroquia_Santo_Ivo-Sao_Paulo_State_of_Sao_Paulo.html;https://media-cdn.tripadvisor.com/media/photo-i/13/39/b8/9d/otima-localizacao.jpg
Paróquia São João Batista do Brás;https://www.tripadvisor.com.br/Attraction_Review-g303631-d13476947-Reviews-Paroquia_Sao_Joao_Batista_do_Bras-Sao_Paulo_State_of_Sao_Paulo.html;https://media-cdn.tripadvisor.com/media/photo-i/11/fd/d1/49/tradicional.jpg
Paróquia da Assunção de Nossa Senhora;https://www.tripadvisor.com.br/Attraction_Review-g303631-d13206015-Reviews-Paroquia_da_Assuncao_de_Nossa_Senhora-Sao_Paulo_State_of_Sao_Paulo.html;https://media-cdn.tripadvisor.com/media/photo-i/11/74/e4/72/paroquia-da-assuncao.jpg
Catedral Santo Amaro;https://www.tripadvisor.com.br/Attraction_Review-g303631-d13112394-Reviews-Catedral_Santo_Amaro-Sao_Paulo_State_of_Sao_Paulo.html;https://media-cdn.tripadvisor.com/media/photo-i/11/3a/96/f8/catedral-santo-amaro.jpg
Barbearia Continental;https://www.tripadvisor.com.br/Attraction_Review-g303631-d12017761-Reviews-Barbearia_Continental-Sao_Paulo_State_of_Sao_Paulo.html;https://media-cdn.tripadvisor.com/media/photo-f/12/1a/d5/58/atendimento-feito-por.jpg
Sinagoga Beth-El;https://www.tripadvisor.com.br/Attraction_Review-g303631-d8745860-Reviews-Sinagoga_Beth_El-Sao_Paulo_State_of_Sao_Paulo.html;vazio
Mesquita do Brás;https://www.tripadvisor.com.br/Attraction_Review-g303631-d11838835-Reviews-Mesquita_do_Bras-Sao_Paulo_State_of_Sao_Paulo.html;https://media-cdn.tripadvisor.com/media/photo-i/0e/0f/bd/41/vista-externa-da-mesquita.jpg
St. Nicholas Cathedral;https://www.tripadvisor.com.br/Attraction_Review-g303631-d8724508-Reviews-St_Nicholas_Cathedral-Sao_Paulo_State_of_Sao_Paulo.html;https://media-cdn.tripadvisor.com/media/photo-s/09/36/b2/a1/getlstd-property-photo.jpg
Largo da Memória;https://www.tripadvisor.com.br/Attraction_Review-g303631-d6716474-Reviews-Largo_da_Memoria-Sao_Paulo_State_of_Sao_Paulo.html;https://media-cdn.tripadvisor.com/media/photo-s/06/00/bb/d2/largo-da-memoria.jpg
Monumento Aos Herois Da Travessia Do Atlantico;https://www.tripadvisor.com.br/Attraction_Review-g303631-d6750750-Reviews-Monumento_Aos_Herois_Da_Travessia_Do_Atlantico-Sao_Paulo_State_of_Sao_Paulo.html;vazio
Igreja Evangélica Luterana;https://www.tripadvisor.com.br/Attraction_Review-g303631-d7348741-Reviews-Igreja_Evangelica_Luterana-Sao_Paulo_State_of_Sao_Paulo.html;vazio
Praça Princesa Isabel;https://www.tripadvisor.com.br/Attraction_Review-g303631-d11894050-Reviews-Praca_Princesa_Isabel-Sao_Paulo_State_of_Sao_Paulo.html;vazio
O Indio Pescador;https://www.tripadvisor.com.br/Attraction_Review-g303631-d11829417-Reviews-O_Indio_Pescador-Sao_Paulo_State_of_Sao_Paulo.html;vazio
Praça Júlio de Mesquita;https://www.tripadvisor.com.br/Attraction_Review-g303631-d13821251-Reviews-Praca_Julio_de_Mesquita-Sao_Paulo_State_of_Sao_Paulo.html;vazio
Marco de Fundação do Sport Club Corinthians Paulista;https://www.tripadvisor.com.br/Attraction_Review-g303631-d13565198-Reviews-Foundation_Sport_Club_Corinthians-Sao_Paulo_State_of_Sao_Paulo.html;vazio
Praça Vladimir Herzog;https://www.tripadvisor.com.br/Attraction_Review-g303631-d11847252-Reviews-Praca_Vladimir_Herzog-Sao_Paulo_State_of_Sao_Paulo.html;vazio
Praça da Bandeira;https://www.tripadvisor.com.br/Attraction_Review-g303631-d11847240-Reviews-Praca_da_Bandeira-Sao_Paulo_State_of_Sao_Paulo.html;https://media-cdn.tripadvisor.com/media/photo-i/0e/96/09/5d/praca-da-bandeira.jpg
Praça Cornélia;https://www.tripadvisor.com.br/Attraction_Review-g303631-d8628206-Reviews-Praca_Cornelia-Sao_Paulo_State_of_Sao_Paulo.html;https://media-cdn.tripadvisor.com/media/photo-i/16/05/46/37/praca-cornelia.jpg
Praça do Campo Limpo;https://www.tripadvisor.com.br/Attraction_Review-g303631-d10317764-Reviews-Praca_do_Campo_Limpo-Sao_Paulo_State_of_Sao_Paulo.html;vazio
Largo do Paissandú;https://www.tripadvisor.com.br/Attraction_Review-g303631-d6761235-Reviews-Largo_do_Paissandu-Sao_Paulo_State_of_Sao_Paulo.html;https://media-cdn.tripadvisor.com/media/photo-f/06/0d/53/28/largo-paissandu.jpg
Largo da Batata;https://www.tripadvisor.com.br/Attraction_Review-g303631-d13532537-Reviews-Largo_da_Batata-Sao_Paulo_State_of_Sao_Paulo.html;vazio
Praça Marechal Deodoro;https://www.tripadvisor.com.br/Attraction_Review-g303631-d7104431-Reviews-Praca_Marechal_Deodoro-Sao_Paulo_State_of_Sao_Paulo.html;https://media-cdn.tripadvisor.com/media/photo-f/09/22/68/b0/praca-marechal-deodoro.jpg
CardPress;https://www.tripadvisor.com.br/Attraction_Review-g303631-d10634596-Reviews-CardPress-Sao_Paulo_State_of_Sao_Paulo.html;vazio
Monumento aos Mártires Armênios;https://www.tripadvisor.com.br/Attraction_Review-g303631-d11874301-Reviews-Monumento_aos_Martires_Armenios-Sao_Paulo_State_of_Sao_Paulo.html;vazio
Galeria Prestes Mais;https://www.tripadvisor.com.br/Attraction_Review-g303631-d10422820-Reviews-Galeria_Prestes_Mais-Sao_Paulo_State_of_Sao_Paulo.html;https://media-cdn.tripadvisor.com/media/photo-o/0b/95/96/3f/vazio-pouco-usad.jpg
Galeria Alma da Rua;https://www.tripadvisor.com.br/Attraction_Review-g303631-d12661450-Reviews-Galeria_Alma_da_Rua-Sao_Paulo_State_of_Sao_Paulo.html;https://media-cdn.tripadvisor.com/media/photo-i/12/95/44/a4/obra.jpg
Valcapelli Espaço Integração Ananda;https://www.tripadvisor.com.br/Attraction_Review-g303631-d12380803-Reviews-Valcapelli_Espaco_Integracao_Ananda-Sao_Paulo_State_of_Sao_Paulo.html;vazio
Igreja Ortodoxa de São Nicolau;https://www.tripadvisor.com.br/Attraction_Review-g303631-d15606902-Reviews-Igreja_Ortodoxa_de_Sao_Nicolau-Sao_Paulo_State_of_Sao_Paulo.html;vazio
Mercado Municipal do Tucuruvi;https://www.tripadvisor.com.br/Attraction_Review-g303631-d15335993-Reviews-Mercado_Municipal_do_Tucuruvi-Sao_Paulo_State_of_Sao_Paulo.html;vazio
Casa 1;https://www.tripadvisor.com.br/Attraction_Review-g303631-d13987621-Reviews-Casa_1-Sao_Paulo_State_of_Sao_Paulo.html;https://media-cdn.tripadvisor.com/media/photo-f/12/9a/50/c2/getlstd-property-photo.jpg
O Giro do Catavento;https://www.tripadvisor.com.br/Attraction_Review-g303631-d13984344-Reviews-O_Giro_do_Catavento-Sao_Paulo_State_of_Sao_Paulo.html;vazio
Sau Paulo;https://www.tripadvisor.com.br/Attraction_Review-g303631-d12656068-Reviews-Sau_Paulo-Sao_Paulo_State_of_Sao_Paulo.html;vazio
Mirante do Jaguaré;https://www.tripadvisor.com.br/Attraction_Review-g303631-d11876869-Reviews-Mirante_do_Jaguare-Sao_Paulo_State_of_Sao_Paulo.html;vazio
Clube de Airsoft Black Ops Operação Theatro;https://www.tripadvisor.com.br/Attraction_Review-g303631-d10758378-Reviews-Clube_de_Airsoft_Black_Ops_Operacao_Theatro-Sao_Paulo_State_of_Sao_Paulo.html;vazio
Praça Amadeu Amaral;https://www.tripadvisor.com.br/Attraction_Review-g303631-d10547713-Reviews-Praca_Amadeu_Amarel-Sao_Paulo_State_of_Sao_Paulo.html;vazio
Casa Stopa;https://www.tripadvisor.com.br/Attraction_Review-g303631-d10167077-Reviews-Casa_Stopa-Sao_Paulo_State_of_Sao_Paulo.html;vazio
Catedral Nikkyoji;https://www.tripadvisor.com.br/Attraction_Review-g303631-d8758233-Reviews-Catedral_Nikkyoji-Sao_Paulo_State_of_Sao_Paulo.html;vazio
Leasowe Castle House Museum;https://www.tripadvisor.com.br/Attraction_Review-g303631-d4377466-Reviews-Leasowe_Castle_House_Museum-Sao_Paulo_State_of_Sao_Paulo.html;vazio
